X,Y,Z,Log_X,Sqrt_Y,Square_Z,Exp_X
46,39,6,3.828641396489095,6.244997998398398,36,9.496119420602448e+19
39,49,22,3.6635616461296463,7.0,484,8.659340042399374e+16
23,3,39,3.1354942159291497,1.7320508075688772,1521,9744803446.248903
16,16,45,2.772588722239781,4.0,2025,8886110.520507872
33,15,32,3.4965075614664802,3.872983346207417,1024,214643579785916.06
